category,Total_Revenue,Total_Profit,Margin_Rate
Streetwear,13131346352.62,1738676764.9962785,13.24065878933559
Outdoor,2494882754.2,408520049.3625837,16.374318539613228
Casual,460648383.35,54103954.834541336,11.745174148029783
GenZ,343599095.36,65725297.20873251,19.12848377550877
