Month,Avg_Revenue,Total_Revenue
1,2591154.6045483868,803257927.41
2,3480800.7781560286,981585819.44
3,4928185.47316129,1527737496.68
4,6532951.8821,1959885564.63
5,6575416.349483871,2038379068.34
6,6427108.652266667,1928132595.68
7,4659789.374733728,1575008808.66
8,4441193.489999999,1514446980.09
9,3797825.6015757574,1253282448.52
10,3302725.2192375367,1126229299.76
11,2611295.0148484847,861727354.9
12,2524349.622932551,860803221.42
