frequency_group,customer_count,pct_share
1 Order (Casual),22358,24.774505241229527
2 Orders (Returning),12460,13.806706114398423
3-4 Orders (Regular),14568,16.142543713848813
5+ Orders (Loyal),40860,45.276244930523234
